{
  "checkpoint": "checkpoints/sc_bdi_v3/best_model.pt",
  "split": "val",
  "n_samples": 5120,
  "timestamp": "2026-01-14T03:32:01.295463",
  "cluster_metrics": {
    "Belief": {
      "Goal": {
        "silhouette": -0.09537456929683685,
        "ari": 0.01584725966054279,
        "nmi": 0.19549264762067975,
        "n_valid": 5120,
        "n_clusters": 65
      },
      "Category": {
        "silhouette": -0.028494233265519142,
        "ari": 0.00475356481241791,
        "nmi": 0.01887002136644628,
        "n_valid": 5120,
        "n_clusters": 6
      },
      "Agent": {
        "silhouette": -0.08319789171218872,
        "ari": 0.01564085295376137,
        "nmi": 0.18208936587295818,
        "n_valid": 5120,
        "n_clusters": 61
      }
    },
    "Desire": {
      "Goal": {
        "silhouette": -0.14773599803447723,
        "ari": 0.02767954169643416,
        "nmi": 0.24187212519488988,
        "n_valid": 5120,
        "n_clusters": 65
      },
      "Category": {
        "silhouette": -0.04910045117139816,
        "ari": 0.006926671086432911,
        "nmi": 0.03068969502365736,
        "n_valid": 5120,
        "n_clusters": 6
      },
      "Agent": {
        "silhouette": -0.13907615840435028,
        "ari": 0.02953254215733788,
        "nmi": 0.23798885173763282,
        "n_valid": 5120,
        "n_clusters": 61
      }
    },
    "Intention": {
      "Goal": {
        "silhouette": -0.10079655796289444,
        "ari": 0.06831030153716744,
        "nmi": 0.3790942220106869,
        "n_valid": 5120,
        "n_clusters": 65
      },
      "Category": {
        "silhouette": -0.030886948108673096,
        "ari": 0.008467047977203844,
        "nmi": 0.04663345914755052,
        "n_valid": 5120,
        "n_clusters": 6
      },
      "Agent": {
        "silhouette": -0.09193050116300583,
        "ari": 0.06866072512096257,
        "nmi": 0.371800723317048,
        "n_valid": 5120,
        "n_clusters": 61
      }
    }
  },
  "progress_stratified": {
    "0-20%": {
      "n_samples": 974,
      "top_k_accuracy": {
        "1": 0.03798767924308777,
        "5": 0.15195071697235107,
        "10": 0.2299794703722,
        "20": 0.37577003240585327,
        "50": 0.6745380163192749
      }
    },
    "20-40%": {
      "n_samples": 1025,
      "top_k_accuracy": {
        "1": 0.03414634242653847,
        "5": 0.1473170667886734,
        "10": 0.2673170864582062,
        "20": 0.4390243887901306,
        "50": 0.7609755992889404
      }
    },
    "40-60%": {
      "n_samples": 1024,
      "top_k_accuracy": {
        "1": 0.0390625,
        "5": 0.1865234375,
        "10": 0.3056640625,
        "20": 0.453125,
        "50": 0.7705078125
      }
    },
    "60-80%": {
      "n_samples": 1025,
      "top_k_accuracy": {
        "1": 0.08682926744222641,
        "5": 0.24585366249084473,
        "10": 0.39121952652931213,
        "20": 0.5424390435218811,
        "50": 0.8243902325630188
      }
    },
    "80-100%": {
      "n_samples": 1072,
      "top_k_accuracy": {
        "1": 0.31529849767684937,
        "5": 0.6324626803398132,
        "10": 0.7798507213592529,
        "20": 0.8796641826629639,
        "50": 0.9701492786407471
      }
    }
  },
  "topk_accuracy": {
    "1": 0.10527344048023224,
    "5": 0.27734375,
    "10": 0.4000000059604645,
    "20": 0.542773425579071,
    "50": 0.802929699420929
  }
}